Employee_ID,Name,Gender,Age,Salary
123,James,Male,23,40000
124,Robert,Male,23,40000
125,John,Male,23,40000
126,Michael,Male,23,40000
127,David,Male,23,40000
128,William,Male,23,40000
129,Richard,Male,23,40000
130,Joseph,Male,23,40000
131,Thomas,Male,23,40000
132,Charles,Male,23,48000
133,Christopher,Male,23,56000
134,Daniel,Male,23,64000
135,Matthew,Male,23,72000
136,Anthony,Male,23,80000
137,Mark,Male,23,88000
138,Donald,Male,23,96000
139,Steven,Male,23,104000
140,Paul,Male,23,112000
141,Andrew,Male,23,120000
142,Joshua,Male,23,128000
143,Kenneth,Male,23,136000
144,Kevin,Male,23,144000
145,Brian,Male,23,152000
146,George,Male,23,160000
147,Timothy,Male,23,50000
148,Ronald,Male,24,50000
149,Edward,Male,25,50000
150,Jason,Female,26,50000
151,Jeffrey,Female,27,50000
152,Ryan,Female,28,50000
153,Jacob,Female,29,50000
154,Gary,Female,30,50000
155,Nicholas,Female,31,50000
156,Eric,Female,32,50000
157,Jonathan,Female,33,50000
158,Stephen,Female,34,50000
159,Larry,Female,35,50000
160,Justin,Female,36,50000
161,Scott,Female,37,50000
162,Brandon,Female,38,50000
163,Benjamin,Female,39,50000
164,Samuel,Female,40,50000
165,Gregory,Female,41,50000
166,Alexander,Female,42,50000
167,Frank,Female,43,50000
168,Patrick,Female,44,50000
169,Raymond,Female,45,50000
170,Jack,Female,46,50000
171,Dennis,Female,47,50000
172,Jerry,Female,48,50000
173,Tyler,Female,49,50000
174,Aaron,Female,50,50000
175,Jose,Female,51,50000
176,Adam,Female,52,55000
177,Nathan,Female,30,60000
178,Henry,Female,30,65000
179,Douglas,Female,30,70000
180,Zachary,Female,30,75000
181,Peter,Female,30,80000
182,Kyle,Female,30,85000
183,Ethan,Female,30,90000
184,Walter,Female,30,95000
185,Noah,Female,30,100000
186,Jeremy,Female,30,105000
187,Christian,Female,30,110000
188,Keith,Female,30,115000
189,Roger,Female,30,120000
190,Terry,Female,30,125000
191,Gerald,Female,30,130000
192,Harold,Female,30,135000
193,Sean,Female,30,140000
194,Austin,Female,30,145000
195,Carl,Female,30,150000
196,Arthur,Female,30,155000
197,Lawrence,Female,30,160000
198,Dylan,Female,30,165000
199,Jesse,Female,30,170000
200,Jordan,Female,30,175000
201,Bryan,Male,30,180000
202,Billy,Male,30,185000
203,Joe,Male,30,190000
204,Bruce,Male,30,195000
205,Gabriel,Male,30,200000
206,Logan,Male,30,205000
207,Albert,Male,31,210000
208,Willie,Male,32,215000
209,Alan,Female,33,220000
210,Juan,Female,34,225000
211,Wayne,Female,35,230000
212,Elijah,Female,36,235000
213,Randy,Female,37,240000
214,Roy,Female,38,245000
215,Vincent,Female,39,250000
216,Ralph,Female,40,255000
217,Eugene,Female,41,260000
218,Russell,Female,42,265000
219,Bobby,Female,43,270000
220,Mason,Female,44,275000
221,Philip,Female,45,280000
222,Louis,Female,46,285000